<?xml version="1.0" encoding="utf-8"?>
<!DOCTYPE hibernate-configuration SYSTEM 
"http://www.hibernate.org/dtd/hibernate-configuration-3.0.dtd">

<hibernate-configuration>
   <session-factory>
   <property name="hibernate.dialect">org.hibernate.dialect.MySQLDialect</property>
   <property name="hibernate.connection.driver_class">com.mysql.jdbc.Driver</property>
   <property name="hibernate.connection.url">jdbc:mysql://127.0.0.1:3308/company</property>
   <property name="hibernate.connection.username">bbok</property>
   <property name="hibernate.connection.password">Bogung*8021</property>
   <property name="hibernate.hbm2ddl.auto">update</property>
   <property name="show_sql">false</property>
   <property name="hibernate.connection.url">jdbc:mysql://127.0.0.1:3308/logindb?characterEncoding=UTF8&amp;serverTimezone=UTC</property>

   <mapping class="kr.ac.jbnu.se.hibernate.model.Employee"/>
</session-factory>
</hibernate-configuration>
